Lady Seena,~
Dark Queen Haruko,~
RubyRedRose,~
fairy seena,~
DingoAteMyFlabebe,+
Kimono Blake,~
Sariisaur,%
Fairy Serena,~
Hoshido Ruby,~
celestia serena,~
champion leaf,~
Allegiant Ace3.0,+
TheMissingOne,&
Lily Rainbows,@
AtomicSnails,+
Horny Haruko,~
Sleepy Haruko,~
Hungry Haruko,~
Aikatsu Ichigo,+
C2H6O,+
C12H22O11,+
lunalight celina,+
Leaf Ace3.0,@
Leaf Ace Hayase,@
Ren Yukine,~
Revelations Yang,~
NotDNS,+
DarkNightSkies,+
ButterFlyGirl,+
Allegiant Carn0X,+
rin hikaru,~
Nohr Blake,~
Art Imitating,~
Ace Hayase,@
